ÙØ±ÙˆØ´Ú¯Ø§Ù‡,Ù†Ø§Ù… Ù…Ø­ØµÙˆÙ„,Ù‚ÛŒÙ…Øª,Ù…ÙˆØ¬ÙˆØ¯ÛŒ,Ø¢Ø¯Ø±Ø³ Ù…Ø­ØµÙˆÙ„
buykif.ir,چمدان Mazhro مدل Arghavan-M سایز متوسط - بای کیف +  - black,2740000,3,https://buykif.ir/shop/mazhro-arghavan-m/
buykif.ir,چمدان Mazhro مدل Arghavan-M سایز متوسط - بای کیف +  - navy-blue,2740000,3,https://buykif.ir/shop/mazhro-arghavan-m/
buykif.ir,چمدان Mazhro مدل Arghavan-M سایز متوسط - بای کیف +  - gray,2740000,2,https://buykif.ir/shop/mazhro-arghavan-m/
buykif.ir,چمدان Mazhro مدل Arghavan-M سایز متوسط - بای کیف +  - blue,2740000,5,https://buykif.ir/shop/mazhro-arghavan-m/
buykif.ir,چمدان Mazhro مدل Arghavan-M سایز متوسط - بای کیف +  - cyan,2740000,2,https://buykif.ir/shop/mazhro-arghavan-m/
buykif.ir,چمدان Mazhro مدل Arghavan-M سایز متوسط - بای کیف +  - sky-blue,2740000,4,https://buykif.ir/shop/mazhro-arghavan-m/
buykif.ir,چمدان Mazhro مدل Arghavan-M سایز متوسط - بای کیف +  - yellow,2740000,2,https://buykif.ir/shop/mazhro-arghavan-m/
buykif.ir,چمدان Mazhro مدل Arghavan-M سایز متوسط - بای کیف +  - beige,2740000,2,https://buykif.ir/shop/mazhro-arghavan-m/
buykif.ir,چمدان Mazhro مدل Arghavan-M سایز متوسط - بای کیف +  - copper,2740000,2,https://buykif.ir/shop/mazhro-arghavan-m/
buykif.ir,چمدان Mazhro مدل Arghavan-M سایز متوسط - بای کیف +  - green,2740000,2,https://buykif.ir/shop/mazhro-arghavan-m/
buykif.ir,چمدان Mazhro مدل Arghavan-M سایز متوسط - بای کیف +  - beige-cream,2740000,1,https://buykif.ir/shop/mazhro-arghavan-m/
buykif.ir,چمدان Camel مدل C40325L سایز بزرگ - بای کیف +  - crimson,4000000,ناموجود,https://buykif.ir/shop/camel-c40325l/
buykif.ir,چمدان Mazhro مدل Lutus-L سایز بزرگ - بای کیف +  - pink,3700000,3,https://buykif.ir/shop/mazhro-lutus-l/
buykif.ir,چمدان Mazhro مدل Lutus-L سایز بزرگ - بای کیف +  - orange,3700000,6,https://buykif.ir/shop/mazhro-lutus-l/
buykif.ir,چمدان Mazhro مدل Lutus-L سایز بزرگ - بای کیف +  - gray,3700000,12,https://buykif.ir/shop/mazhro-lutus-l/
buykif.ir,چمدان Mazhro مدل Lutus-L سایز بزرگ - بای کیف +  - yellow,3700000,8,https://buykif.ir/shop/mazhro-lutus-l/
buykif.ir,چمدان Mazhro مدل Lutus-L سایز بزرگ - بای کیف +  - black,3700000,ناموجود,https://buykif.ir/shop/mazhro-lutus-l/
buykif.ir,چمدان Mazhro مدل Lutus-L سایز بزرگ - بای کیف +  - navy-blue,3700000,2,https://buykif.ir/shop/mazhro-lutus-l/
buykif.ir,چمدان Mazhro مدل Lutus-L سایز بزرگ - بای کیف +  - silver-2,3700000,2,https://buykif.ir/shop/mazhro-lutus-l/
buykif.ir,چمدان Mazhro مدل Lutus-L سایز بزرگ - بای کیف +  - copper,3700000,3,https://buykif.ir/shop/mazhro-lutus-l/
buykif.ir,چمدان Mazhro مدل Lutus-L سایز بزرگ - بای کیف +  - milky,3700000,6,https://buykif.ir/shop/mazhro-lutus-l/
buykif.ir,چمدان Mazhro مدل Lutus-L سایز بزرگ - بای کیف +  - sky-blue,3700000,3,https://buykif.ir/shop/mazhro-lutus-l/
buykif.ir,چمدان Mazhro مدل Lutus-L سایز بزرگ - بای کیف +  - beige-cream,3700000,5,https://buykif.ir/shop/mazhro-lutus-l/
buykif.ir,چمدان Mazhro مدل Lutus-L سایز بزرگ - بای کیف +  - beige,3700000,1,https://buykif.ir/shop/mazhro-lutus-l/
buykif.ir,چمدان Mazhro مدل Lutus-M سایز متوسط - بای کیف +  - green,3113000,2,https://buykif.ir/shop/mazhro-lutus-m/
buykif.ir,چمدان Mazhro مدل Lutus-M سایز متوسط - بای کیف +  - pink,3113000,3,https://buykif.ir/shop/mazhro-lutus-m/
buykif.ir,چمدان Mazhro مدل Lutus-M سایز متوسط - بای کیف +  - orange,3113000,7,https://buykif.ir/shop/mazhro-lutus-m/
buykif.ir,چمدان Mazhro مدل Lutus-M سایز متوسط - بای کیف +  - gray,3113000,6,https://buykif.ir/shop/mazhro-lutus-m/
buykif.ir,چمدان Mazhro مدل Lutus-M سایز متوسط - بای کیف +  - red,3113000,1,https://buykif.ir/shop/mazhro-lutus-m/
buykif.ir,چمدان Mazhro مدل Lutus-M سایز متوسط - بای کیف +  - yellow,3113000,3,https://buykif.ir/shop/mazhro-lutus-m/
buykif.ir,چمدان Mazhro مدل Lutus-M سایز متوسط - بای کیف +  - black,3113000,2,https://buykif.ir/shop/mazhro-lutus-m/
buykif.ir,چمدان Mazhro مدل Lutus-M سایز متوسط - بای کیف +  - copper,3113000,2,https://buykif.ir/shop/mazhro-lutus-m/
buykif.ir,چمدان Mazhro مدل Lutus-M سایز متوسط - بای کیف +  - navy-blue,3113000,3,https://buykif.ir/shop/mazhro-lutus-m/
buykif.ir,چمدان Mazhro مدل Lutus-M سایز متوسط - بای کیف +  - silver-2,3113000,5,https://buykif.ir/shop/mazhro-lutus-m/
buykif.ir,چمدان Mazhro مدل Lutus-M سایز متوسط - بای کیف +  - sky-blue,3113000,4,https://buykif.ir/shop/mazhro-lutus-m/
buykif.ir,چمدان Mazhro مدل Lutus-M سایز متوسط - بای کیف +  - beige,3113000,2,https://buykif.ir/shop/mazhro-lutus-m/
buykif.ir,چمدان Mazhro مدل Lutus-M سایز متوسط - بای کیف +  - beige-cream,3113000,4,https://buykif.ir/shop/mazhro-lutus-m/
buykif.ir,بادی بگ Bange مدل BG-7566 - بای کیف +  - black,1530000,86,https://buykif.ir/shop/bange-bg-7566/
buykif.ir,کیف رودوشی چرمی Mont Blanc مدل MB30430 سایز متوسط - بای کیف +  - black,900000,ناموجود,https://buykif.ir/shop/mb30430/
buykif.ir,ساک مسافرتی 4 طبقه مدل M64 - بای کیف +  - black,600000,125,https://buykif.ir/shop/wheeled-bag-m64/
buykif.ir,ساک مسافرتی 4 طبقه مدل M64 - بای کیف +  - brown,600000,10,https://buykif.ir/shop/wheeled-bag-m64/
buykif.ir,چمدان لوازم آرایشی Mazhro مدل Lutus-MB - بای کیف +  - black,1450000,7,https://buykif.ir/shop/mazhro-lutus-mb/
buykif.ir,چمدان لوازم آرایشی Mazhro مدل Lutus-MB - بای کیف +  - silver-2,1450000,7,https://buykif.ir/shop/mazhro-lutus-mb/
buykif.ir,چمدان لوازم آرایشی Mazhro مدل Lutus-MB - بای کیف +  - blue,1450000,4,https://buykif.ir/shop/mazhro-lutus-mb/
buykif.ir,چمدان لوازم آرایشی Mazhro مدل Lutus-MB - بای کیف +  - red,1450000,5,https://buykif.ir/shop/mazhro-lutus-mb/
buykif.ir,چمدان لوازم آرایشی Mazhro مدل Lutus-MB - بای کیف +  - orange,1450000,6,https://buykif.ir/shop/mazhro-lutus-mb/
buykif.ir,چمدان لوازم آرایشی Mazhro مدل Lutus-MB - بای کیف +  - gold,1450000,8,https://buykif.ir/shop/mazhro-lutus-mb/
buykif.ir,چمدان لوازم آرایشی Mazhro مدل Lutus-MB - بای کیف +  - milky,1450000,7,https://buykif.ir/shop/mazhro-lutus-mb/
buykif.ir,چمدان لوازم آرایشی Mazhro مدل Lutus-MB - بای کیف +  - beige-cream,1450000,9,https://buykif.ir/shop/mazhro-lutus-mb/
buykif.ir,چمدان لوازم آرایشی Mazhro مدل Lutus-MB - بای کیف +  - navy-blue,1450000,5,https://buykif.ir/shop/mazhro-lutus-mb/
buykif.ir,چمدان لوازم آرایشی Mazhro مدل Lutus-MB - بای کیف +  - pink,1450000,13,https://buykif.ir/shop/mazhro-lutus-mb/
buykif.ir,چمدان لوازم آرایشی Mazhro مدل Lutus-MB - بای کیف +  - yellow,1450000,5,https://buykif.ir/shop/mazhro-lutus-mb/
buykif.ir,چمدان لوازم آرایشی Mazhro مدل Lutus-MB - بای کیف +  - sky-blue,1450000,11,https://buykif.ir/shop/mazhro-lutus-mb/
buykif.ir,کیف رودوشی چرمی Mont Blanc مدل MB30429 سایز بزرگ - بای کیف +  - black,950000,ناموجود,https://buykif.ir/shop/mb30429/
buykif.ir,چمدان CAT مدل CAT40317L سایز بزرگ - بای کیف +  - black,3550000,1,https://buykif.ir/shop/cat40317l/
buykif.ir,چمدان CAT مدل CAT40317L سایز بزرگ - بای کیف +  - n-melange,3550000,17,https://buykif.ir/shop/cat40317l/
buykif.ir,چمدان CAT مدل CAT40317L سایز بزرگ - بای کیف +  - gy-melange,3550000,14,https://buykif.ir/shop/cat40317l/
buykif.ir,چمدان CAT مدل CAT40317L سایز بزرگ - بای کیف +  - red,3550000,17,https://buykif.ir/shop/cat40317l/
buykif.ir,چمدان CAT مدل CAT40317L سایز بزرگ - بای کیف +  - brown,3550000,1,https://buykif.ir/shop/cat40317l/
buykif.ir,کیسه وکیوم لباس کاریا پک مدل 110x100 - بای کیف +  - colorless,86000,87,https://buykif.ir/shop/karyapack-vacuum-bag-110x100/
buykif.ir,کوله پشتی کوهنوردی Osprey مدل 306Prime - بای کیف +  - crimson,2750000,4,https://buykif.ir/shop/osprey306prime/
buykif.ir,کوله پشتی کوهنوردی Osprey مدل 306Prime - بای کیف +  - blue,2750000,2,https://buykif.ir/shop/osprey306prime/
buykif.ir,کوله پشتی کوهنوردی Osprey مدل 306Prime - بای کیف +  - red,2750000,6,https://buykif.ir/shop/osprey306prime/
buykif.ir,کوله پشتی کوهنوردی Osprey مدل 306Prime - بای کیف +  - cyan,2750000,4,https://buykif.ir/shop/osprey306prime/
buykif.ir,ساک ورزشی VMG مدل VMG20632 - بای کیف +  - orange,850000,1,https://buykif.ir/shop/vmg20632/
buykif.ir,ساک ورزشی VMG مدل VMG20632 - بای کیف +  - yellow,850000,1,https://buykif.ir/shop/vmg20632/
buykif.ir,ساک ورزشی Nike مدل N20627 - بای کیف +  - cyan,300000,3,https://buykif.ir/shop/nike-n20627/
buykif.ir,ساک ورزشی Nike مدل N20627 - بای کیف +  - dark-violet,300000,ناموجود,https://buykif.ir/shop/nike-n20627/
buykif.ir,ساک ورزشی Nike مدل N20627 - بای کیف +  - yellow,300000,4,https://buykif.ir/shop/nike-n20627/
buykif.ir,ساک ورزشی Nike مدل N20627 - بای کیف +  - red,300000,3,https://buykif.ir/shop/nike-n20627/
buykif.ir,کیف رودوشی بادی بگ Nike مدل N30228 - بای کیف +  - brown,500000,ناموجود,https://buykif.ir/shop/nike-n30228/
buykif.ir,کوله پشتی لپتاپ Bange مدل BG-S53 - بای کیف +  - black,4800000,ناموجود,https://buykif.ir/shop/bange-bg-s53/
buykif.ir,چمدان Camel مدل C40325M سایز متوسط - بای کیف +  - red,3800000,ناموجود,https://buykif.ir/shop/camel-c40325m/
buykif.ir,نظم دهنده IKEA مدل IKEA-4444 - بای کیف +  - navy-blue,580000,24,https://buykif.ir/shop/ikea-4444/
buykif.ir,نظم دهنده IKEA مدل IKEA-4444 - بای کیف +  - black,580000,9,https://buykif.ir/shop/ikea-4444/
buykif.ir,آغوشی چیکو مدل Soft and Dream - بای کیف +  - black,1200000,12,https://buykif.ir/shop/chicco-soft-and-dream/
buykif.ir,آغوشی چیکو مدل Soft and Dream - بای کیف +  - navy-blue,1200000,20,https://buykif.ir/shop/chicco-soft-and-dream/
buykif.ir,آغوشی چیکو مدل Soft and Dream - بای کیف +  - gray,1200000,16,https://buykif.ir/shop/chicco-soft-and-dream/
buykif.ir,کوله پشتی لپتاپی DELINA مدل D0022 - بای کیف +  - gray,2850000,3,https://buykif.ir/shop/delina-d0022/
buykif.ir,کوله پشتی لپتاپی DELINA مدل D0022 - بای کیف +  - crimson,2850000,1,https://buykif.ir/shop/delina-d0022/
buykif.ir,ساک ورزشی نیلپر توریستر مدل ایوا - بای کیف +  - black,1738000,18,https://buykif.ir/shop/nilper-tourister-sports-bag-eiva/
buykif.ir,ساک ورزشی نیلپر توریستر مدل ایوا - بای کیف +  - phosphoric,1738000,2,https://buykif.ir/shop/nilper-tourister-sports-bag-eiva/
buykif.ir,کاور لپتاپ Maysa مدل M-015 مناسب برای لپتاپ 15.6 اینچی - بای کیف +  - gray,350000,6,https://buykif.ir/shop/maysa-m-015/
buykif.ir,کاور لپتاپ Maysa مدل M-015 مناسب برای لپتاپ 15.6 اینچی - بای کیف +  - pencil-tip,350000,11,https://buykif.ir/shop/maysa-m-015/
buykif.ir,چمدان CAT مدل CAT40317M سایز متوسط - بای کیف +  - black,3250000,10,https://buykif.ir/shop/cat40317m/
buykif.ir,چمدان CAT مدل CAT40317M سایز متوسط - بای کیف +  - n-melange,3250000,13,https://buykif.ir/shop/cat40317m/
buykif.ir,چمدان CAT مدل CAT40317M سایز متوسط - بای کیف +  - gy-melange,3250000,12,https://buykif.ir/shop/cat40317m/
buykif.ir,چمدان CAT مدل CAT40317M سایز متوسط - بای کیف +  - red,3250000,17,https://buykif.ir/shop/cat40317m/
buykif.ir,چمدان CAT مدل CAT40317M سایز متوسط - بای کیف +  - brown,3250000,9,https://buykif.ir/shop/cat40317m/
buykif.ir,چمدان CAT مدل CAT40317M سایز متوسط - بای کیف +  - gray,3250000,3,https://buykif.ir/shop/cat40317m/
buykif.ir,چمدان Mazhro مدل Arghavan-S سایز کوچک - بای کیف +  - bony,2640000,2,https://buykif.ir/shop/mazhro-arghavan-s/
buykif.ir,چمدان Mazhro مدل Arghavan-S سایز کوچک - بای کیف +  - navy-blue,2640000,6,https://buykif.ir/shop/mazhro-arghavan-s/
buykif.ir,چمدان Mazhro مدل Arghavan-S سایز کوچک - بای کیف +  - black,2640000,9,https://buykif.ir/shop/mazhro-arghavan-s/
buykif.ir,چمدان Mazhro مدل Arghavan-S سایز کوچک - بای کیف +  - gray,2640000,6,https://buykif.ir/shop/mazhro-arghavan-s/
buykif.ir,چمدان Mazhro مدل Arghavan-S سایز کوچک - بای کیف +  - blue,2640000,1,https://buykif.ir/shop/mazhro-arghavan-s/
buykif.ir,چمدان Mazhro مدل Arghavan-S سایز کوچک - بای کیف +  - red,2640000,4,https://buykif.ir/shop/mazhro-arghavan-s/
buykif.ir,چمدان Mazhro مدل Arghavan-S سایز کوچک - بای کیف +  - sky-blue,2640000,4,https://buykif.ir/shop/mazhro-arghavan-s/
buykif.ir,چمدان Mazhro مدل Arghavan-S سایز کوچک - بای کیف +  - pink,2640000,5,https://buykif.ir/shop/mazhro-arghavan-s/
buykif.ir,چمدان Mazhro مدل Arghavan-S سایز کوچک - بای کیف +  - green,2640000,4,https://buykif.ir/shop/mazhro-arghavan-s/
buykif.ir,چمدان Mazhro مدل Arghavan-S سایز کوچک - بای کیف +  - yellow,2640000,3,https://buykif.ir/shop/mazhro-arghavan-s/
buykif.ir,چمدان Mazhro مدل Arghavan-S سایز کوچک - بای کیف +  - copper,2640000,4,https://buykif.ir/shop/mazhro-arghavan-s/
buykif.ir,چمدان Mazhro مدل Arghavan-S سایز کوچک - بای کیف +  - milky,2640000,8,https://buykif.ir/shop/mazhro-arghavan-s/
buykif.ir,چمدان Mazhro مدل Arghavan-S سایز کوچک - بای کیف +  - beige,2640000,3,https://buykif.ir/shop/mazhro-arghavan-s/
buykif.ir,چمدان Mazhro مدل Arghavan-S سایز کوچک - بای کیف +  - beige-cream,2640000,3,https://buykif.ir/shop/mazhro-arghavan-s/
buykif.ir,چمدان CAT مدل CAT40317S سایز کوچک - بای کیف +  - black,3000000,15,https://buykif.ir/shop/cat40317s/
buykif.ir,چمدان CAT مدل CAT40317S سایز کوچک - بای کیف +  - n-melange,3000000,22,https://buykif.ir/shop/cat40317s/
buykif.ir,چمدان CAT مدل CAT40317S سایز کوچک - بای کیف +  - gy-melange,3000000,13,https://buykif.ir/shop/cat40317s/
buykif.ir,چمدان CAT مدل CAT40317S سایز کوچک - بای کیف +  - red,3000000,9,https://buykif.ir/shop/cat40317s/
buykif.ir,چمدان CAT مدل CAT40317S سایز کوچک - بای کیف +  - brown,3000000,2,https://buykif.ir/shop/cat40317s/
buykif.ir,چمدان CAT مدل CAT40317S سایز کوچک - بای کیف +  - gray,3000000,1,https://buykif.ir/shop/cat40317s/
buykif.ir,کاور چمدان Mazhro سایز کوچک - بای کیف +  - bute_pa_suitcase-size,250000,79,https://buykif.ir/shop/mazhro-cover-s/
buykif.ir,چمدان لوازم آرایشی Cadenza مدل Lutus-MB - بای کیف +  - gray,1320000,3,https://buykif.ir/shop/cadenza-lutus-mb/
buykif.ir,چمدان لوازم آرایشی Cadenza مدل Lutus-MB - بای کیف +  - gold,1320000,6,https://buykif.ir/shop/cadenza-lutus-mb/
buykif.ir,چمدان لوازم آرایشی Cadenza مدل Lutus-MB - بای کیف +  - milky,1320000,6,https://buykif.ir/shop/cadenza-lutus-mb/
buykif.ir,ساک مسافرتی 4 طبقه مدل Omasu402 - بای کیف +  - brown,1850000,5,https://buykif.ir/shop/omasu402/
buykif.ir,ساک مسافرتی 4 طبقه مدل Omasu402 - بای کیف +  - black,1850000,5,https://buykif.ir/shop/omasu402/
buykif.ir,ساک مسافرتی 4 طبقه مدل Omasu402 - بای کیف +  - navy-blue,1850000,5,https://buykif.ir/shop/omasu402/
buykif.ir,بادی بگ Benetton مدل B30253 - بای کیف +  - black,1220000,24,https://buykif.ir/shop/benetton-b30253/
buykif.ir,کوله پشتی لپتاپ مدل Alpha - بای کیف +  - gray,2500000,ناموجود,https://buykif.ir/shop/starbag-alpha/
buykif.ir,کوله پشتی کژوال مدل C60424 - بای کیف +  - orange,1300000,4,https://buykif.ir/shop/casual-c60424/
buykif.ir,کوله پشتی ورزشی شوزبگ Nike مدل N20206 - بای کیف +  - black,100000,29,https://buykif.ir/shop/nike-n20206/
buykif.ir,کوله پشتی ورزشی شوزبگ Nike مدل N20206 - بای کیف +  - navy-blue,100000,10,https://buykif.ir/shop/nike-n20206/
buykif.ir,کوله پشتی ورزشی شوزبگ Nike مدل N20206 - بای کیف +  - blue,100000,4,https://buykif.ir/shop/nike-n20206/
buykif.ir,کوله پشتی ورزشی شوزبگ Nike مدل N20206 - بای کیف +  - yellow,100000,14,https://buykif.ir/shop/nike-n20206/
buykif.ir,کوله پشتی ورزشی شوزبگ Nike مدل N20206 - بای کیف +  - light-violet,100000,6,https://buykif.ir/shop/nike-n20206/
buykif.ir,کوله پشتی ورزشی شوزبگ Nike مدل N20206 - بای کیف +  - olive,100000,8,https://buykif.ir/shop/nike-n20206/
buykif.ir,کوله پشتی ورزشی شوزبگ Nike مدل N20206 - بای کیف +  - red,100000,9,https://buykif.ir/shop/nike-n20206/
buykif.ir,چمدان Louis Vuitton مدل LV40328L سایز بزرگ - بای کیف +  - navy-blue,2450000,ناموجود,https://buykif.ir/shop/louis-vuitton-lv40328l/
buykif.ir,کوله پشتی Chrisbella مدل GG422303034 - بای کیف +  - black,3650000,1,https://buykif.ir/shop/chrisbella-gg422303034/
buykif.ir,کوله پشتی Chrisbella مدل GG422303034 - بای کیف +  - cream,3650000,1,https://buykif.ir/shop/chrisbella-gg422303034/
buykif.ir,چمدان Benetton مدل B40326L سایز بزرگ - بای کیف +  - black,4500000,3,https://buykif.ir/shop/benetton-b40326l/
buykif.ir,چمدان Benetton مدل B40326L سایز بزرگ - بای کیف +  - navy-blue,4500000,5,https://buykif.ir/shop/benetton-b40326l/
buykif.ir,چمدان Benetton مدل B40326L سایز بزرگ - بای کیف +  - violet,4500000,1,https://buykif.ir/shop/benetton-b40326l/
buykif.ir,کوله پشتی لپتاپ پیر گاردین مدل P1006 - بای کیف +  - black,1050000,ناموجود,https://buykif.ir/shop/pierre-gardian-p1006/
buykif.ir,نظم دهنده طرحدار LV مدل S-4445 - بای کیف +  - cream,540000,1,https://buykif.ir/shop/orgnizer-s-4445/
buykif.ir,چمدان فیلا مدل F40316-S سایز کوچک - بای کیف +  - red,2900000,3,https://buykif.ir/shop/fila-f40316-s/
buykif.ir,چمدان Dunsun مدل D40333-L سایز بزرگ - بای کیف +  - light-blue,5500000,ناموجود,https://buykif.ir/shop/dunsun-d40333-l/
buykif.ir,کیف رودوشی چرمسال مدل 408 بزرگ - بای کیف +  - dark-brown,1600000,2,https://buykif.ir/shop/charmsal-408-l/
buykif.ir,کیف رودوشی چرمسال مدل 408 بزرگ - بای کیف +  - black,1600000,3,https://buykif.ir/shop/charmsal-408-l/
buykif.ir,کیف رودوشی چرمسال مدل 408 بزرگ - بای کیف +  - brown,1600000,1,https://buykif.ir/shop/charmsal-408-l/
buykif.ir,کیف رودوشی چرمسال مدل 408 بزرگ - بای کیف +  - honey,1600000,3,https://buykif.ir/shop/charmsal-408-l/
buykif.ir,کیف رودوشی چرمسال مدل 408 کوچک - بای کیف +  - brown,1250000,ناموجود,https://buykif.ir/shop/charmsal-408-s/
buykif.ir,کیف رودوشی چرمسال مدل 557 متوسط - بای کیف +  - dark-brown,1400000,2,https://buykif.ir/shop/charmsal-557-m/
buykif.ir,کیف رودوشی چرمسال مدل 557 متوسط - بای کیف +  - black,1400000,2,https://buykif.ir/shop/charmsal-557-m/
buykif.ir,کیف رودوشی چرمسال مدل 557 متوسط - بای کیف +  - brown,1400000,2,https://buykif.ir/shop/charmsal-557-m/
buykif.ir,کیف رودوشی چرمسال مدل 557 متوسط - بای کیف +  - honey,1400000,2,https://buykif.ir/shop/charmsal-557-m/
buykif.ir,کیسه وکیوم لباس کاریا پک مدل 70x60 - بای کیف +  - colorless,58000,7,https://buykif.ir/shop/karyapack-vacuum-bag-70x60/
buykif.ir,کاور لپتاپ Boht مدل B-015 مناسب برای لپتاپ 15.6 اینچی - بای کیف +  - crimson,400000,ناموجود,https://buykif.ir/shop/boht-b-015/
buykif.ir,کیسه وکیوم لباس کاریا پک مدل 100x80 - بای کیف +  - colorless,74000,120,https://buykif.ir/shop/karyapack-vacuum-bag-100x80/
buykif.ir,ساک ورزشی Mont Blanc مدل J-Power - بای کیف +  - black,1500000,ناموجود,https://buykif.ir/shop/montblanc-j-power/
buykif.ir,کوله پشتی کار و لپ تاپ نیلپر توریستر مدل توبن - بای کیف +  - red,1991000,1,https://buykif.ir/shop/ntlb114-laptop-backpack-tubon/
buykif.ir,کوله پشتی کار و لپ تاپ نیلپر توریستر مدل توبن - بای کیف +  - navy-blue,1991000,4,https://buykif.ir/shop/ntlb114-laptop-backpack-tubon/
buykif.ir,کوله پشتی کار و لپ تاپ نیلپر توریستر مدل توبن - بای کیف +  - black,1991000,3,https://buykif.ir/shop/ntlb114-laptop-backpack-tubon/
buykif.ir,کوله پشتی کار و لپ تاپ نیلپر توریستر مدل توبن - بای کیف +  - gray,1991000,2,https://buykif.ir/shop/ntlb114-laptop-backpack-tubon/
buykif.ir,چمدان نیلپر توریستر مدل آوان سایز کوچک - بای کیف +  - gray,4125000,6,https://buykif.ir/shop/small-size-luggage-avan-ntls111003/
buykif.ir,چمدان نیلپر توریستر مدل آوان سایز کوچک - بای کیف +  - crimson,4125000,2,https://buykif.ir/shop/small-size-luggage-avan-ntls111003/
buykif.ir,چمدان نیلپر توریستر مدل آوان سایز کوچک - بای کیف +  - navy-blue,4125000,11,https://buykif.ir/shop/small-size-luggage-avan-ntls111003/
buykif.ir,چمدان نیلپر توریستر مدل آوان سایز کوچک - بای کیف +  - black,4125000,2,https://buykif.ir/shop/small-size-luggage-avan-ntls111003/
buykif.ir,ساک ورزشی Nike مدل N20628 - بای کیف +  - yellow,380000,ناموجود,https://buykif.ir/shop/nike-n20628/
buykif.ir,ساک ورزشی Nike مدل N20628 - بای کیف +  - pink,380000,ناموجود,https://buykif.ir/shop/nike-n20628/
buykif.ir,کیف سه کاره لپتاپ CAT مدل CAT1086 - بای کیف +  - red,1650000,1,https://buykif.ir/shop/cat1086/
buykif.ir,کیف سه کاره لپتاپ CAT مدل CAT1086 - بای کیف +  - violet,1650000,1,https://buykif.ir/shop/cat1086/
buykif.ir,کیف سه کاره لپتاپ CAT مدل CAT1086 - بای کیف +  - magenta,1650000,1,https://buykif.ir/shop/cat1086/
buykif.ir,کیف سه کاره لپتاپ CAT مدل CAT1086 - بای کیف +  - black,1650000,1,https://buykif.ir/shop/cat1086/
buykif.ir,کوله پشتی نیلپر توریستر مدل تیکو - بای کیف +  - black,825000,16,https://buykif.ir/shop/ntlb671-tiku-daily-backpack/
buykif.ir,کوله پشتی نیلپر توریستر مدل تیکو - بای کیف +  - navy-blue,825000,3,https://buykif.ir/shop/ntlb671-tiku-daily-backpack/
buykif.ir,کوله پشتی نیلپر توریستر مدل تیکو - بای کیف +  - gray,825000,5,https://buykif.ir/shop/ntlb671-tiku-daily-backpack/
buykif.ir,ساک ورزشی Nike مدل N20633 - بای کیف +  - navy-blue,1000000,5,https://buykif.ir/shop/nike-n20633/
buykif.ir,ساک ورزشی Nike مدل N20633 - بای کیف +  - blue,1000000,4,https://buykif.ir/shop/nike-n20633/
buykif.ir,ساک ورزشی Nike مدل N20633 - بای کیف +  - crimson,1000000,2,https://buykif.ir/shop/nike-n20633/
buykif.ir,ساک ورزشی Nike مدل N20633 - بای کیف +  - golbehi,1000000,4,https://buykif.ir/shop/nike-n20633/
buykif.ir,ساک ورزشی Nike مدل N20633 - بای کیف +  - blue-green,1000000,4,https://buykif.ir/shop/nike-n20633/
buykif.ir,ساک ورزشی Nike مدل N20633 - بای کیف +  - brown,1000000,6,https://buykif.ir/shop/nike-n20633/
buykif.ir,ساک ورزشی Nike مدل N20633 - بای کیف +  - white,1000000,5,https://buykif.ir/shop/nike-n20633/
buykif.ir,ساک ورزشی Nike مدل N20633 - بای کیف +  - brick,1000000,1,https://buykif.ir/shop/nike-n20633/
buykif.ir,ساک ورزشی Nike مدل N20633 - بای کیف +  - yasi,1000000,1,https://buykif.ir/shop/nike-n20633/
buykif.ir,چمدان Dunsun مدل D40333-M سایز متوسط - بای کیف +  - light-blue,5200000,ناموجود,https://buykif.ir/shop/dunsun-d40333-m/
buykif.ir,کیف بادی بگ Nike مدل JDI30252 - بای کیف +  - black,550000,ناموجود,https://buykif.ir/shop/nike-jdi30252/
buykif.ir,کیف کمری تاکتیکال مدل SWAT - بای کیف +  - polychrome,480000,ناموجود,https://buykif.ir/shop/tactical-bag-swat/
buykif.ir,کوله پشتی کژوال مدل C60432 - بای کیف +  - golbehi,1350000,ناموجود,https://buykif.ir/shop/c60432/
buykif.ir,ساک سفری Maysa مدل M4010 - بای کیف +  - black,750000,69,https://buykif.ir/shop/maysa-m4010/
buykif.ir,ساک سفری Maysa مدل M4010 - بای کیف +  - navy-blue,750000,70,https://buykif.ir/shop/maysa-m4010/
buykif.ir,ساک سفری Maysa مدل M4010 - بای کیف +  - crimson,750000,71,https://buykif.ir/shop/maysa-m4010/
buykif.ir,کوله پشتی لپتاپ Bange مدل BG-1922 - بای کیف +  - navy-blue,2950000,7,https://buykif.ir/shop/bange-bg-1922/
buykif.ir,کوله پشتی لپتاپ Bange مدل BG-1922 - بای کیف +  - violet,2950000,23,https://buykif.ir/shop/bange-bg-1922/
buykif.ir,کوله پشتی کوهنوردی مایسا مدل Everest 330-70L - بای کیف +  - red,2200000,10,https://buykif.ir/shop/maysa-everest-330-70l/
buykif.ir,کوله پشتی کوهنوردی مایسا مدل Everest 330-70L - بای کیف +  - crimson,2200000,10,https://buykif.ir/shop/maysa-everest-330-70l/
buykif.ir,چمدان Mazhro مدل Arghavan-L سایز بزرگ - بای کیف +  - bony,2938000,2,https://buykif.ir/shop/mazhro-arghavan-l/
buykif.ir,چمدان Mazhro مدل Arghavan-L سایز بزرگ - بای کیف +  - navy-blue,2938000,4,https://buykif.ir/shop/mazhro-arghavan-l/
buykif.ir,چمدان Mazhro مدل Arghavan-L سایز بزرگ - بای کیف +  - black,2938000,1,https://buykif.ir/shop/mazhro-arghavan-l/
buykif.ir,چمدان Mazhro مدل Arghavan-L سایز بزرگ - بای کیف +  - gray,2938000,4,https://buykif.ir/shop/mazhro-arghavan-l/
buykif.ir,چمدان Mazhro مدل Arghavan-L سایز بزرگ - بای کیف +  - blue,2938000,3,https://buykif.ir/shop/mazhro-arghavan-l/
buykif.ir,چمدان Mazhro مدل Arghavan-L سایز بزرگ - بای کیف +  - red,2938000,2,https://buykif.ir/shop/mazhro-arghavan-l/
buykif.ir,چمدان Mazhro مدل Arghavan-L سایز بزرگ - بای کیف +  - pink,2938000,5,https://buykif.ir/shop/mazhro-arghavan-l/
buykif.ir,چمدان Mazhro مدل Arghavan-L سایز بزرگ - بای کیف +  - sky-blue,2938000,7,https://buykif.ir/shop/mazhro-arghavan-l/
buykif.ir,چمدان Mazhro مدل Arghavan-L سایز بزرگ - بای کیف +  - yellow,2938000,3,https://buykif.ir/shop/mazhro-arghavan-l/
buykif.ir,چمدان Mazhro مدل Arghavan-L سایز بزرگ - بای کیف +  - green,2938000,4,https://buykif.ir/shop/mazhro-arghavan-l/
buykif.ir,چمدان Mazhro مدل Arghavan-L سایز بزرگ - بای کیف +  - beige,2938000,4,https://buykif.ir/shop/mazhro-arghavan-l/
buykif.ir,چمدان Mazhro مدل Arghavan-L سایز بزرگ - بای کیف +  - copper,2938000,3,https://buykif.ir/shop/mazhro-arghavan-l/
buykif.ir,چمدان Mazhro مدل Arghavan-L سایز بزرگ - بای کیف +  - milky,2938000,6,https://buykif.ir/shop/mazhro-arghavan-l/
buykif.ir,چمدان Mazhro مدل Arghavan-L سایز بزرگ - بای کیف +  - beige-cream,2938000,4,https://buykif.ir/shop/mazhro-arghavan-l/
buykif.ir,کاور چمدان شفاف بی رنگ مدل SC021 سایز کوچک - بای کیف +  - bute_pa_suitcase-size,150000,20,https://buykif.ir/shop/suitcase-cover-sc021-s/
buykif.ir,کوله پشتی لپتاپ Wang مدل Versai - بای کیف +  - gray,2800000,ناموجود,https://buykif.ir/shop/wang-versai/
buykif.ir,کاور چمدان شفاف بی رنگ مدل SC021 سایز متوسط - بای کیف +  - bute_pa_suitcase-size,200000,7,https://buykif.ir/shop/suitcase-cover-sc021-m/
buykif.ir,چمدان Benetton مدل B40326M سایز متوسط - بای کیف +  - navy-blue,4250000,10,https://buykif.ir/shop/benetton-b40326m/
buykif.ir,چمدان Benetton مدل B40326M سایز متوسط - بای کیف +  - red,4250000,4,https://buykif.ir/shop/benetton-b40326m/
buykif.ir,چمدان Benetton مدل B40326M سایز متوسط - بای کیف +  - violet,4250000,3,https://buykif.ir/shop/benetton-b40326m/
buykif.ir,چمدان Benetton مدل B40326M سایز متوسط - بای کیف +  - crimson,4250000,5,https://buykif.ir/shop/benetton-b40326m/
buykif.ir,کیف دستی اداری مدل HB30616 - بای کیف +  - brown,610000,ناموجود,https://buykif.ir/shop/hb30616/
buykif.ir,کیف کمری Chrome Hearts مدل CH30244 - بای کیف +  - black,425000,9,https://buykif.ir/shop/chrome-hearts-ch30244/
buykif.ir,چمدان Benetton مدل B40326S سایز کوچک - بای کیف +  - black,3400000,3,https://buykif.ir/shop/benetton-b40326s/
buykif.ir,چمدان Benetton مدل B40326S سایز کوچک - بای کیف +  - navy-blue,3400000,14,https://buykif.ir/shop/benetton-b40326s/
buykif.ir,چمدان Benetton مدل B40326S سایز کوچک - بای کیف +  - red,3400000,10,https://buykif.ir/shop/benetton-b40326s/
buykif.ir,چمدان Benetton مدل B40326S سایز کوچک - بای کیف +  - crimson,3400000,11,https://buykif.ir/shop/benetton-b40326s/
buykif.ir,کیف دستی چرمی Ferragamo مدل F30428 - بای کیف +  - black,620000,3,https://buykif.ir/shop/ferragamo-f30428/
buykif.ir,چمدان نیلپر توریستر مدل آوان سایز متوسط - بای کیف +  - gray,4950000,6,https://buykif.ir/shop/middle-size-luggage-avan-ntls111002/
buykif.ir,چمدان نیلپر توریستر مدل آوان سایز متوسط - بای کیف +  - crimson,4950000,1,https://buykif.ir/shop/middle-size-luggage-avan-ntls111002/
buykif.ir,چمدان نیلپر توریستر مدل آوان سایز متوسط - بای کیف +  - black,4950000,3,https://buykif.ir/shop/middle-size-luggage-avan-ntls111002/
buykif.ir,چمدان نیلپر توریستر مدل آوان سایز متوسط - بای کیف +  - navy-blue,4950000,3,https://buykif.ir/shop/middle-size-luggage-avan-ntls111002/
buykif.ir,چمدان Arthur مدل A40337L سایز بزرگ - بای کیف +  - gray,3200000,ناموجود,https://buykif.ir/shop/arthur-a40337-l/
buykif.ir,چمدان Arthur مدل A40337S سایز کوچک - بای کیف +  - crimson,2350000,ناموجود,https://buykif.ir/shop/arthur-a40337-s/
buykif.ir,چمدان بچگانه مدل CS40120 - بای کیف +  - gold,1800000,ناموجود,https://buykif.ir/shop/cs40120/
buykif.ir,چمدان Dunsun مدل D40333-S سایز کوچک - بای کیف +  - light-blue,4200000,1,https://buykif.ir/shop/dunsun-d40333-s/
buykif.ir,کوله پشتی لپتاپ Catesigo مدل C98662 - بای کیف +  - navy-blue,4300000,2,https://buykif.ir/shop/catesigo-c98662/
buykif.ir,کوله پشتی لپتاپ Catesigo مدل C98662 - بای کیف +  - ashy,4300000,3,https://buykif.ir/shop/catesigo-c98662/
buykif.ir,کاور لپتاپ Swonder مدل SW-013 مناسب برای لپتاپ 13 - بای کیف +  - golbehi,270000,5,https://buykif.ir/shop/swonder-sw-013/
buykif.ir,کاور لپتاپ Swonder مدل SW-013 مناسب برای لپتاپ 13 - بای کیف +  - crimson,270000,6,https://buykif.ir/shop/swonder-sw-013/
buykif.ir,کیف رودوشی چرمی Mont Blanc مدل MB30435 سایز کوچک - بای کیف +  - black,800000,19,https://buykif.ir/shop/mont-blanc-mb30435/
buykif.ir,کوله پشتی لپتاپ Bange مدل BG-2809 مناسب برای لپتاپ 14 اینچی - بای کیف +  - black,3750000,2,https://buykif.ir/shop/bange-bg-2809/
buykif.ir,کوله پشتی کار و لپ تاپ نیلپر توریستر مدل تمین - بای کیف +  - black,1793000,4,https://buykif.ir/shop/ntlb115-laptop-backpack-tamin/
buykif.ir,کوله پشتی کار و لپ تاپ نیلپر توریستر مدل تمین - بای کیف +  - gray,1793000,9,https://buykif.ir/shop/ntlb115-laptop-backpack-tamin/
buykif.ir,کوله پشتی کار و لپ تاپ نیلپر توریستر مدل تمین - بای کیف +  - olive,1793000,8,https://buykif.ir/shop/ntlb115-laptop-backpack-tamin/
buykif.ir,چمدان Cadenza مدل Lutus-L سایز بزرگ - بای کیف +  - navy-blue,2841000,1,https://buykif.ir/shop/cadenza-lutus-l/
buykif.ir,چمدان Cadenza مدل Lutus-L سایز بزرگ - بای کیف +  - gold,2841000,1,https://buykif.ir/shop/cadenza-lutus-l/
buykif.ir,کوله پشتی 45 لیتری الکسا مدل A1007 - بای کیف +  - black,1750000,5,https://buykif.ir/shop/alexa-a1007/
buykif.ir,ساک ورزشی Nike مدل N20619 - بای کیف +  - navy-blue,1700000,2,https://buykif.ir/shop/nike-n20619/
buykif.ir,ساک ورزشی Nike مدل N20619 - بای کیف +  - red,1700000,3,https://buykif.ir/shop/nike-n20619/
buykif.ir,ساک ورزشی Nike مدل N20619 - بای کیف +  - pencil-tip,1700000,4,https://buykif.ir/shop/nike-n20619/
buykif.ir,کیف رودوشی مردانه نیلپر توریستر مدل لسبو - بای کیف +  - black,847000,17,https://buykif.ir/shop/ntlm671-shoulder-bag-lesbo/
buykif.ir,کیف رودوشی مردانه نیلپر توریستر مدل لسبو - بای کیف +  - navy-blue,847000,5,https://buykif.ir/shop/ntlm671-shoulder-bag-lesbo/
buykif.ir,کیف رودوشی مردانه نیلپر توریستر مدل لسبو - بای کیف +  - gray,847000,4,https://buykif.ir/shop/ntlm671-shoulder-bag-lesbo/
buykif.ir,کاور لپتاپ Maysa مدل M-013 مناسب برای لپتاپ 13 اینچی - بای کیف +  - pencil-tip,340000,47,https://buykif.ir/shop/maysa-m-013/
buykif.ir,چمدان خلبانی چرخدار Solo مدل S40127 - بای کیف +  - black,4400000,ناموجود,https://buykif.ir/shop/solo-s40127/
buykif.ir,چمدان Cadenza مدل Lutus-S سایز کوچک - بای کیف +  - navy-blue,2417000,5,https://buykif.ir/shop/cadenza-lutus-s/
buykif.ir,چمدان Cadenza مدل Lutus-S سایز کوچک - بای کیف +  - blue,2417000,1,https://buykif.ir/shop/cadenza-lutus-s/
buykif.ir,چمدان Cadenza مدل Lutus-S سایز کوچک - بای کیف +  - gold,2417000,5,https://buykif.ir/shop/cadenza-lutus-s/
buykif.ir,کوله پشتی لپتاپ Mazhro مدل Statis - بای کیف +  - black,2190000,10,https://buykif.ir/shop/mazhro-statis/
buykif.ir,کوله پشتی لپتاپ Mazhro مدل Statis - بای کیف +  - blue,2190000,1,https://buykif.ir/shop/mazhro-statis/
buykif.ir,کوله پشتی لپتاپ Mazhro مدل Statis - بای کیف +  - yellow,2190000,1,https://buykif.ir/shop/mazhro-statis/
buykif.ir,چمدان Cadenza مدل Lutus-M سایز متوسط - بای کیف +  - gold,2735000,ناموجود,https://buykif.ir/shop/cadenza-lutus-m/
buykif.ir,کیف چرخدار Ozuko مدل 9699 - بای کیف +  - black,6000000,ناموجود,https://buykif.ir/shop/ozuko-9699/
buykif.ir,ساک ورزشی Nike مدل N20624 - بای کیف +  - blue,1100000,ناموجود,https://buykif.ir/shop/nike-n20624/
buykif.ir,کوله پشتی مسافرتی چرخدار با دسته ترولی نیلپر توریستر مدل مایان - بای کیف +  - total-black,3432000,2,https://buykif.ir/shop/ntlb113-mayan-travel-backpack/
buykif.ir,کوله پشتی مسافرتی چرخدار با دسته ترولی نیلپر توریستر مدل مایان - بای کیف +  - total-navy-blue,3432000,2,https://buykif.ir/shop/ntlb113-mayan-travel-backpack/
buykif.ir,کوله پشتی مسافرتی چرخدار با دسته ترولی نیلپر توریستر مدل مایان - بای کیف +  - olive,3432000,2,https://buykif.ir/shop/ntlb113-mayan-travel-backpack/
buykif.ir,کوله پشتی مسافرتی چرخدار با دسته ترولی نیلپر توریستر مدل مایان - بای کیف +  - black,3432000,3,https://buykif.ir/shop/ntlb113-mayan-travel-backpack/
buykif.ir,کوله پشتی مسافرتی چرخدار با دسته ترولی نیلپر توریستر مدل مایان - بای کیف +  - navy-blue,3432000,2,https://buykif.ir/shop/ntlb113-mayan-travel-backpack/
buykif.ir,چمدان Antler مدل A40330M سایز متوسط - بای کیف +  - navy-blue,5000000,1,https://buykif.ir/shop/antler-a40330m/
buykif.ir,چمدان Antler مدل A40330M سایز متوسط - بای کیف +  - red,5000000,1,https://buykif.ir/shop/antler-a40330m/
buykif.ir,چمدان Antler مدل A40330M سایز متوسط - بای کیف +  - violet,5000000,2,https://buykif.ir/shop/antler-a40330m/
buykif.ir,کیف کمری Nike مدل N30248 - بای کیف +  - gray,450000,ناموجود,https://buykif.ir/shop/nike-n30248/
buykif.ir,کیف کمری National Geographic مدل NG30232 - بای کیف +  - pink,440000,ناموجود,https://buykif.ir/shop/national-geographic-ng30232/
buykif.ir,جامدادی Elva مدل E600305 - بای کیف +  - yellow,140000,ناموجود,https://buykif.ir/shop/elva-e600305/
buykif.ir,تیشرت زنانه لانگ طرحدار مشکی مدل TL22112 - بای کیف +  - bute_pa_design,275000,1,https://buykif.ir/shop/tl22112/
buykif.ir,تیشرت زنانه لانگ طرحدار مشکی مدل TL22112 - بای کیف +  - ute_pa_design,275000,4,https://buykif.ir/shop/tl22112/
buykif.ir,چمدان نیلپر توریستر مدل آوان سایز بزرگ - بای کیف +  - gray,5885000,4,https://buykif.ir/shop/large-size-luggage-avan-ntls111001/
buykif.ir,چمدان نیلپر توریستر مدل آوان سایز بزرگ - بای کیف +  - crimson,5885000,3,https://buykif.ir/shop/large-size-luggage-avan-ntls111001/
buykif.ir,چمدان نیلپر توریستر مدل آوان سایز بزرگ - بای کیف +  - black,5885000,5,https://buykif.ir/shop/large-size-luggage-avan-ntls111001/
buykif.ir,چمدان نیلپر توریستر مدل آوان سایز بزرگ - بای کیف +  - navy-blue,5885000,3,https://buykif.ir/shop/large-size-luggage-avan-ntls111001/
buykif.ir,کاور لپتاپ Maysa مدل M-014 مناسب برای لپتاپ 14 اینچی - بای کیف +  - pencil-tip,345000,106,https://buykif.ir/shop/maysa-m-014/
buykif.ir,چمدان Monza مدل M40329-L سایز بزرگ - بای کیف +  - red,5600000,ناموجود,https://buykif.ir/shop/monza-m40329-l/
buykif.ir,ساک سفری نیلپرتوریستر مدل ویرو - بای کیف +  - black,1947000,7,https://buykif.ir/shop/nilper-tourister-travel-bag-viro/
buykif.ir,ساک سفری نیلپرتوریستر مدل ویرو - بای کیف +  - navy-blue,1947000,6,https://buykif.ir/shop/nilper-tourister-travel-bag-viro/
buykif.ir,ساک سفری نیلپرتوریستر مدل ویرو - بای کیف +  - gray-green,1947000,5,https://buykif.ir/shop/nilper-tourister-travel-bag-viro/
buykif.ir,کوله پشتی اسپرت Nike مدل N20124 - بای کیف +  - black,390000,2,https://buykif.ir/shop/nike-n20124/
buykif.ir,کوله پشتی کوهنوردی 35+5 لیتری Deuter مدل D8109 - بای کیف +  - black,3500000,ناموجود,https://buykif.ir/shop/deuter-d8109-35-5-l/
buykif.ir,کوله پشتی لپتاپی Mont Blanc مدل MB0028 - بای کیف +  - navy-blue,2600000,2,https://buykif.ir/shop/montblanc-mb0028/
buykif.ir,کوله پشتی لپتاپی Mont Blanc مدل MB0028 - بای کیف +  - gray,2600000,7,https://buykif.ir/shop/montblanc-mb0028/
buykif.ir,چمدان Travolic مدل T40331-L سایز بزرگ - بای کیف +  - blue-green,6200000,ناموجود,https://buykif.ir/shop/travolic-t40331-l/
buykif.ir,کیف رودوشی Swissgear مدل S1220 - بای کیف +  - black,2000000,ناموجود,https://buykif.ir/shop/swissgear-s1220/
buykif.ir,کوله پشتی لپتاپ President مدل Liberty - بای کیف +  - navy-blue,2650000,ناموجود,https://buykif.ir/shop/president-liberty/
buykif.ir,کوله پشتی بچگانه طرحدار مدل CB60540-3D - بای کیف +  - bute_pa_design,1550000,1,https://buykif.ir/shop/cb60540-3d/
buykif.ir,کوله پشتی بچگانه طرحدار مدل CB60540-3D - بای کیف +  - ute_pa_design,1550000,4,https://buykif.ir/shop/cb60540-3d/
buykif.ir,کوله پشتی بچگانه طرحدار مدل CB60540-3D - بای کیف +  - ute_pa_design,1550000,1,https://buykif.ir/shop/cb60540-3d/
buykif.ir,کاور لپ تاپ مدل 017 مناسب برای لپ تاپ 17 اینچی - بای کیف +  - pencil-tip,375000,48,https://buykif.ir/shop/cover-c017/
buykif.ir,ساک لوازم کودک و نوزاد چیکو مدل POLKA - بای کیف +  - black,1150000,1,https://buykif.ir/shop/chicco-polka/
buykif.ir,ساک لوازم کودک و نوزاد چیکو مدل POLKA - بای کیف +  - navy-blue,1150000,2,https://buykif.ir/shop/chicco-polka/
buykif.ir,ساک لوازم کودک و نوزاد چیکو مدل POLKA - بای کیف +  - olive,1150000,2,https://buykif.ir/shop/chicco-polka/
buykif.ir,ساک لوازم کودک و نوزاد چیکو مدل POLKA - بای کیف +  - blue,1150000,3,https://buykif.ir/shop/chicco-polka/
buykif.ir,ساک لوازم کودک و نوزاد چیکو مدل POLKA - بای کیف +  - nescafe,1150000,3,https://buykif.ir/shop/chicco-polka/
buykif.ir,ساک لوازم کودک و نوزاد چیکو مدل POLKA - بای کیف +  - pencil-tip,1150000,1,https://buykif.ir/shop/chicco-polka/
buykif.ir,ساک لوازم کودک و نوزاد چیکو مدل POLKA - بای کیف +  - crimson,1150000,1,https://buykif.ir/shop/chicco-polka/
buykif.ir,ساک لوازم کودک و نوزاد چیکو مدل POLKA - بای کیف +  - golbehi,1150000,ناموجود,https://buykif.ir/shop/chicco-polka/
buykif.ir,ساک لوازم کودک و نوزاد چیکو مدل POLKA - بای کیف +  - cream,1150000,2,https://buykif.ir/shop/chicco-polka/
buykif.ir,کوله پشتی چرخدار لپ تاپ الکسا مدل ALX886-L سایز بزرگ - بای کیف +  - black,6350000,ناموجود,https://buykif.ir/shop/alexa-alx886-l/
buykif.ir,چمدان Travolic مدل T40331-M سایز متوسط - بای کیف +  - blue-green,5800000,ناموجود,https://buykif.ir/shop/travolic-t40331-m/
buykif.ir,چمدان Travel Pro مدل T40319L سایز بزرگ - بای کیف +  - red,3600000,2,https://buykif.ir/shop/travel-pro-t40319l/
buykif.ir,کوله پشتی دانشجویی نیلپر توریستر مدل بوکان - بای کیف +  - black,1870000,5,https://buykif.ir/shop/ntlb111-daily-backpack-bukan/
buykif.ir,کوله پشتی دانشجویی نیلپر توریستر مدل بوکان - بای کیف +  - blue,1870000,7,https://buykif.ir/shop/ntlb111-daily-backpack-bukan/
buykif.ir,کوله پشتی دانشجویی نیلپر توریستر مدل بوکان - بای کیف +  - silver,1870000,7,https://buykif.ir/shop/ntlb111-daily-backpack-bukan/
buykif.ir,ست چمدان مسافرتی نیلپر توریستر مدل آوان - بای کیف +  - gray,14212000,1,https://buykif.ir/shop/nilper-avan-luggage-set/
buykif.ir,ست چمدان مسافرتی نیلپر توریستر مدل آوان - بای کیف +  - crimson,14212000,1,https://buykif.ir/shop/nilper-avan-luggage-set/
buykif.ir,ست چمدان مسافرتی نیلپر توریستر مدل آوان - بای کیف +  - black,14212000,1,https://buykif.ir/shop/nilper-avan-luggage-set/
buykif.ir,ست چمدان مسافرتی نیلپر توریستر مدل آوان - بای کیف +  - navy-blue,14212000,1,https://buykif.ir/shop/nilper-avan-luggage-set/
buykif.ir,کیف پول چرم طبیعی روما مدل KRB-35 - بای کیف +  - black,650000,ناموجود,https://buykif.ir/shop/roma-krb-35/
buykif.ir,کیف پول چرم طبیعی روما مدل KRB-35 - بای کیف +  - brown,650000,1,https://buykif.ir/shop/roma-krb-35/
buykif.ir,کیف پول چرم طبیعی روما مدل KRB-35 - بای کیف +  - jade,650000,1,https://buykif.ir/shop/roma-krb-35/
buykif.ir,کاور کوله پشتی CAT مدل RC35 - بای کیف +  - black,85000,ناموجود,https://buykif.ir/shop/cat-cover-rc35/
buykif.ir,کوله پشتی لپتاپ CAT مدل C8417 - بای کیف +  - black,700000,ناموجود,https://buykif.ir/shop/cat-c8417/
buykif.ir,کوله پشتی چرخدار Gravity مدل PRO HOPE P0210-22 سایز بزرگ - بای کیف +  - navy-blue,4700000,1,https://buykif.ir/shop/gravity-pro-hope-p0210-22/
buykif.ir,کوله پشتی چرخدار Gravity مدل PRO HOPE P0210-22 سایز بزرگ - بای کیف +  - crimson,4700000,ناموجود,https://buykif.ir/shop/gravity-pro-hope-p0210-22/
buykif.ir,کوله پشتی چرخدار جداشو Sky Bow مدل S15740 - بای کیف +  - black,4450000,ناموجود,https://buykif.ir/shop/sky-bow-s15740/
buykif.ir,کیف رودوشی استیکردار مدل S30437 - بای کیف +  - black,420000,13,https://buykif.ir/shop/s30437/
buykif.ir,ساک مسافرتی 5 طبقه مدل Omasu405 - بای کیف +  - crimson,2150000,ناموجود,https://buykif.ir/shop/omasu405/
buykif.ir,کوله پشتی لپتاپی FILA مدل F6655 Prime - بای کیف +  - black,3000000,Ù†Ø§Ù…ÙˆØ¬ÙˆØ¯,https://buykif.ir/shop/forward-fclt0112/
